{
  "ks": [
    1,
    5,
    10
  ],
  "n_items": 637,
  "adapters": [
    {
      "adapter": "bm25",
      "metrics": {
        "overall": {
          "n": 637,
          "recall_at_1": 0.015698587127158554,
          "recall_at_5": 0.04709576138147567,
          "recall_at_10": 0.06750392464678179,
          "mrr": 0.029421145747676354
        },
        "local_only": {
          "n": 283,
          "recall_at_1": 0.028268551236749116,
          "recall_at_5": 0.0812720848056537,
          "recall_at_10": 0.1166077738515901,
          "mrr": 0.049929889505861226
        },
        "mathlib_only": {
          "n": 339,
          "recall_at_1": 0.0058997050147492625,
          "recall_at_5": 0.017699115044247787,
          "recall_at_10": 0.02064896755162242,
          "mrr": 0.011307767944936088
        },
        "mixed": {
          "n": 15,
          "recall_at_1": 0.0,
          "recall_at_5": 0.06666666666666667,
          "recall_at_10": 0.2,
          "mrr": 0.05185185185185185
        }
      }
    }
  ],
  "unavailable": {}
}
