{
  "ks": [
    1,
    5,
    10
  ],
  "n_items": 637,
  "adapters": [
    {
      "adapter": "bm25",
      "metrics": {
        "overall": {
          "n": 637,
          "recall_at_1": 0.0141287284144427,
          "recall_at_5": 0.05023547880690738,
          "recall_at_10": 0.08320251177394035,
          "mrr": 0.0321291520271112
        },
        "local_only": {
          "n": 283,
          "recall_at_1": 0.024734982332155476,
          "recall_at_5": 0.08480565371024736,
          "recall_at_10": 0.1413427561837456,
          "mrr": 0.053302204273935706
        },
        "mathlib_only": {
          "n": 339,
          "recall_at_1": 0.0058997050147492625,
          "recall_at_5": 0.02064896755162242,
          "recall_at_10": 0.02654867256637168,
          "mrr": 0.013286042047103994
        },
        "mixed": {
          "n": 15,
          "recall_at_1": 0.0,
          "recall_at_5": 0.06666666666666667,
          "recall_at_10": 0.26666666666666666,
          "mrr": 0.05851851851851852
        }
      }
    },
    {
      "adapter": "dense:all-MiniLM-L6-v2",
      "metrics": {
        "overall": {
          "n": 637,
          "recall_at_1": 0.08320251177394035,
          "recall_at_5": 0.24175824175824176,
          "recall_at_10": 0.2967032967032967,
          "mrr": 0.15198599586354686
        },
        "local_only": {
          "n": 283,
          "recall_at_1": 0.1519434628975265,
          "recall_at_5": 0.4028268551236749,
          "recall_at_10": 0.4416961130742049,
          "mrr": 0.2574331145885917
        },
        "mathlib_only": {
          "n": 339,
          "recall_at_1": 0.029498525073746312,
          "recall_at_5": 0.10619469026548672,
          "recall_at_10": 0.1592920353982301,
          "mrr": 0.0638455775623917
        },
        "mixed": {
          "n": 15,
          "recall_at_1": 0.0,
          "recall_at_5": 0.26666666666666666,
          "recall_at_10": 0.6666666666666666,
          "mrr": 0.15452380952380954
        }
      }
    }
  ],
  "unavailable": {}
}
